{
  "meta_title": "",
  "meta_description": "",
  "sections": [
    {
      "type": "collection-shelf",
      "shuffle": true,
      "collection_id": "626f1cdb3da6d37bc218cb31:categories:NOVIDADES:/novidades",
      "sort": "news",
      "title": "NOVIDADES",
      "headless": false,
      "limit": 12,
      "page": 1
    },
    {
      "type": "collection-shelf",
      "shuffle": false,
      "limit": 12,
      "page": 1,
      "collection_id": "61a6caf90c7c727225ae125b:categories:CONJUNTOS:/conjuntos",
      "sort": "views",
      "title": "CONJUNTOS"
    },
    {
      "type": "collection-shelf",
      "shuffle": false,
      "limit": 12,
      "page": 1,
      "collection_id": "61a6ca8f0c7c727225ae11ae:categories:BRINCOS:/brincos",
      "title": "BRINCOS"
    },
    {
      "type": "collection-shelf",
      "shuffle": false,
      "limit": 12,
      "page": 1,
      "collection_id": "61a6ca160c7c727225ae10d3:categories:ANEL:/anel",
      "title": "ANEL"
    },
    {
      "type": "collection-shelf",
      "shuffle": false,
      "limit": 12,
      "page": 1,
      "collection_id": "61a6cabb0c7c727225ae11f2:categories:COLAR:/colar",
      "title": "COLAR"
    },
    {
      "type": "collection-shelf",
      "shuffle": false,
      "limit": 12,
      "page": 1,
      "collection_id": "61a6cb3a0c7c727225ae12db:categories:PULSEIRA:/pulseira",
      "title": "PULSEIRA"
    },
    {
      "type": "collection-shelf",
      "shuffle": false,
      "limit": 12,
      "page": 1,
      "collection_id": "61a6cbbc0c7c727225ae13d1:categories:ÓCULOS:/oculos",
      "title": "ÓCULOS"
    },
    {
      "type": "collection-shelf",
      "shuffle": false,
      "limit": 12,
      "page": 1,
      "collection_id": "61a6cbeb0c7c727225ae142c:categories:RELÓGIO:/relogio",
      "title": "RELÓGIO"
    },
    {
      "type": "collection-shelf",
      "shuffle": false,
      "limit": 12,
      "page": 1,
      "collection_id": "61a8238a0c7c727225b10c9c:categories:BOLSA:/bolsa",
      "title": "BOLSA"
    },
    {
      "type": "info-bar",
      "enabled": true
    }
  ]
}